VisitID,StoreID,Date,VisitCount,CampaignID
Visit1,Store4,2023-11-20,456,Campaign10
Visit2,Store5,2023-06-06,120,Campaign3
Visit3,Store4,2022-01-23,332,Campaign8
Visit4,Store4,2022-11-11,440,Campaign5
Visit5,Store3,2022-04-25,427,Campaign2
Visit6,Store3,2022-08-31,21,Campaign1
Visit7,Store2,2021-05-15,36,Campaign8
Visit8,Store2,2023-11-28,462,Campaign2
Visit9,Store6,2021-10-15,114,Campaign3
Visit10,Store3,2023-12-29,95,Campaign9
Visit11,Store8,2023-01-16,461,Campaign1
Visit12,Store8,2023-12-27,382,Campaign8
Visit13,Store7,2021-07-11,165,Campaign2
Visit14,Store2,2022-02-05,208,Campaign8
Visit15,Store6,2023-06-28,438,Campaign2
Visit16,Store8,2022-10-20,491,Campaign7
Visit17,Store1,2023-11-04,395,Campaign3
Visit18,Store5,2022-04-14,146,Campaign4
Visit19,Store1,2023-06-12,472,Campaign1
Visit20,Store5,2021-06-03,40,Campaign10
Visit21,Store6,2023-08-15,173,Campaign1
Visit22,Store3,2022-11-10,122,Campaign10
Visit23,Store7,2022-11-28,370,Campaign8
Visit24,Store1,2021-11-02,280,Campaign8
Visit25,Store7,2021-12-20,362,Campaign2
Visit26,Store4,2023-06-26,455,Campaign4
Visit27,Store1,2023-03-09,296,Campaign2
Visit28,Store2,2022-11-25,420,Campaign8
Visit29,Store1,2023-05-04,267,Campaign7
Visit30,Store8,2021-07-11,210,Campaign7
Visit31,Store3,2022-08-16,308,Campaign10
Visit32,Store3,2023-06-24,380,Campaign3
Visit33,Store7,2023-08-26,388,Campaign5
Visit34,Store2,2023-10-17,10,Campaign1
Visit35,Store5,2023-06-17,220,Campaign10
Visit36,Store2,2023-03-27,274,Campaign4
Visit37,Store8,2022-07-21,197,Campaign4
Visit38,Store6,2023-12-27,395,Campaign1
Visit39,Store5,2022-09-19,366,Campaign7
Visit40,Store3,2021-04-22,250,Campaign5
Visit41,Store7,2022-11-02,451,Campaign1
Visit42,Store7,2021-01-26,202,Campaign5
Visit43,Store3,2023-09-28,119,Campaign8
Visit44,Store6,2022-09-14,405,Campaign10
Visit45,Store5,2023-12-26,448,Campaign8
Visit46,Store1,2022-12-18,483,Campaign2
Visit47,Store1,2022-09-05,403,Campaign1
Visit48,Store2,2023-10-22,120,Campaign2
Visit49,Store7,2022-08-05,74,Campaign6
Visit50,Store3,2022-04-04,74,Campaign5
Visit51,Store1,2022-01-04,326,Campaign4
Visit52,Store3,2022-12-28,244,Campaign8
Visit53,Store2,2021-05-22,104,Campaign5
Visit54,Store4,2021-01-14,468,Campaign4
Visit55,Store3,2022-12-12,206,Campaign8
Visit56,Store8,2022-06-15,300,Campaign1
Visit57,Store8,2023-04-07,404,Campaign9
Visit58,Store4,2023-04-11,205,Campaign2
Visit59,Store7,2022-03-14,47,Campaign8
Visit60,Store8,2022-01-18,379,Campaign9
Visit61,Store3,2023-07-04,48,Campaign10
Visit62,Store5,2023-03-16,158,Campaign8
Visit63,Store6,2023-08-31,385,Campaign9
Visit64,Store8,2023-08-09,173,Campaign4
Visit65,Store4,2022-02-09,375,Campaign2
Visit66,Store5,2023-10-18,229,Campaign3
Visit67,Store6,2023-06-05,465,Campaign8
Visit68,Store5,2023-08-25,285,Campaign5
Visit69,Store2,2021-03-20,52,Campaign4
Visit70,Store8,2021-11-05,247,Campaign3
Visit71,Store2,2022-12-28,414,Campaign3
Visit72,Store1,2023-11-23,172,Campaign10
Visit73,Store4,2023-06-09,329,Campaign10
Visit74,Store1,2022-12-14,116,Campaign7
Visit75,Store8,2023-08-09,297,Campaign8
Visit76,Store7,2022-04-15,301,Campaign5
Visit77,Store4,2022-07-19,114,Campaign8
Visit78,Store2,2023-07-27,78,Campaign9
Visit79,Store2,2021-05-01,118,Campaign4
Visit80,Store6,2021-05-30,189,Campaign2
Visit81,Store6,2021-06-02,141,Campaign5
Visit82,Store2,2023-10-01,16,Campaign2
Visit83,Store7,2022-07-28,491,Campaign10
Visit84,Store4,2023-12-23,349,Campaign2
Visit85,Store8,2021-03-09,464,Campaign6
Visit86,Store7,2021-08-13,417,Campaign10
Visit87,Store7,2023-04-27,158,Campaign10
Visit88,Store2,2022-07-12,194,Campaign1
Visit89,Store1,2023-05-26,466,Campaign2
Visit90,Store5,2021-09-04,412,Campaign5
Visit91,Store6,2023-06-28,477,Campaign10
Visit92,Store7,2021-10-19,165,Campaign5
Visit93,Store4,2021-08-02,425,Campaign10
Visit94,Store5,2023-02-07,299,Campaign3
Visit95,Store1,2022-08-28,254,Campaign5
Visit96,Store3,2023-08-29,281,Campaign9
Visit97,Store6,2023-10-08,47,Campaign2
Visit98,Store8,2021-03-15,124,Campaign6
Visit99,Store2,2022-09-17,346,Campaign8
Visit100,Store6,2022-10-26,468,Campaign3
Visit101,Store6,2021-02-27,128,Campaign2
Visit102,Store6,2022-12-27,141,Campaign1
Visit103,Store1,2021-07-27,65,Campaign1
Visit104,Store3,2022-02-17,433,Campaign4
Visit105,Store4,2023-12-12,129,Campaign6
Visit106,Store1,2023-11-07,59,Campaign7
Visit107,Store8,2022-12-31,374,Campaign8
Visit108,Store4,2023-01-10,382,Campaign8
Visit109,Store5,2023-03-15,433,Campaign10
Visit110,Store5,2022-02-23,371,Campaign1
Visit111,Store8,2023-07-08,91,Campaign8
Visit112,Store4,2021-07-20,379,Campaign10
Visit113,Store7,2021-03-21,58,Campaign1
Visit114,Store5,2021-07-08,57,Campaign3
Visit115,Store5,2023-04-08,143,Campaign5
Visit116,Store8,2023-01-24,247,Campaign10
Visit117,Store8,2023-04-06,489,Campaign10
Visit118,Store2,2023-12-04,391,Campaign8
Visit119,Store4,2022-05-25,398,Campaign8
Visit120,Store4,2022-11-26,344,Campaign6
Visit121,Store3,2021-01-21,182,Campaign4
Visit122,Store8,2022-02-04,409,Campaign4
Visit123,Store6,2022-07-14,377,Campaign8
Visit124,Store2,2023-11-22,154,Campaign3
Visit125,Store1,2022-05-04,196,Campaign8
Visit126,Store2,2021-10-15,129,Campaign4
Visit127,Store1,2022-03-13,193,Campaign10
Visit128,Store4,2021-05-10,366,Campaign9
Visit129,Store2,2022-03-17,372,Campaign2
Visit130,Store7,2023-03-01,88,Campaign10
Visit131,Store3,2023-09-24,172,Campaign1
Visit132,Store6,2023-12-12,17,Campaign4
Visit133,Store5,2022-12-22,108,Campaign9
Visit134,Store1,2023-05-14,326,Campaign7
Visit135,Store5,2021-08-18,365,Campaign9
Visit136,Store6,2022-04-10,36,Campaign9
Visit137,Store4,2021-07-05,471,Campaign10
Visit138,Store4,2021-06-11,384,Campaign9
Visit139,Store4,2022-02-05,480,Campaign9
Visit140,Store5,2023-03-02,285,Campaign7
Visit141,Store6,2023-10-12,322,Campaign8
Visit142,Store7,2022-06-29,463,Campaign2
Visit143,Store4,2022-02-17,481,Campaign9
Visit144,Store4,2022-06-15,288,Campaign2
Visit145,Store5,2021-03-10,365,Campaign8
Visit146,Store4,2021-10-20,213,Campaign2
Visit147,Store6,2022-09-27,395,Campaign8
Visit148,Store8,2022-07-20,420,Campaign3
Visit149,Store1,2022-06-17,169,Campaign2
Visit150,Store2,2022-10-12,486,Campaign6
Visit151,Store1,2022-07-08,187,Campaign6
Visit152,Store7,2023-08-11,201,Campaign1
Visit153,Store4,2023-01-28,49,Campaign7
Visit154,Store6,2021-01-28,369,Campaign1
Visit155,Store6,2022-07-24,245,Campaign4
Visit156,Store4,2022-10-01,42,Campaign6
Visit157,Store7,2022-03-04,38,Campaign8
Visit158,Store7,2023-02-14,42,Campaign8
Visit159,Store8,2023-09-07,109,Campaign10
Visit160,Store4,2021-02-04,154,Campaign7
Visit161,Store4,2022-06-10,339,Campaign5
Visit162,Store5,2023-04-10,74,Campaign6
Visit163,Store6,2022-01-11,131,Campaign8
Visit164,Store2,2023-04-14,52,Campaign3
Visit165,Store8,2022-10-18,456,Campaign6
Visit166,Store5,2023-05-17,382,Campaign4
Visit167,Store5,2023-10-04,218,Campaign3
Visit168,Store6,2022-05-03,499,Campaign3
Visit169,Store7,2021-12-19,485,Campaign4
Visit170,Store8,2021-12-20,239,Campaign6
Visit171,Store4,2023-09-06,136,Campaign1
Visit172,Store1,2022-02-08,365,Campaign2
Visit173,Store6,2022-02-07,195,Campaign4
Visit174,Store1,2023-01-27,246,Campaign10
Visit175,Store3,2022-01-29,100,Campaign9
Visit176,Store6,2022-08-06,52,Campaign8
Visit177,Store8,2021-04-14,430,Campaign10
Visit178,Store2,2021-01-11,55,Campaign8
Visit179,Store6,2023-10-07,34,Campaign7
Visit180,Store8,2022-02-26,363,Campaign6
Visit181,Store3,2021-09-30,204,Campaign7
Visit182,Store5,2021-02-23,358,Campaign6
Visit183,Store3,2021-09-04,108,Campaign3
Visit184,Store7,2022-10-27,500,Campaign6
Visit185,Store3,2022-09-10,265,Campaign7
Visit186,Store6,2021-10-22,370,Campaign6
Visit187,Store3,2021-10-03,444,Campaign2
Visit188,Store2,2022-08-08,339,Campaign6
Visit189,Store6,2023-12-03,382,Campaign2
Visit190,Store1,2021-07-13,303,Campaign1
Visit191,Store1,2021-11-07,255,Campaign10
Visit192,Store3,2022-09-12,175,Campaign10
Visit193,Store6,2022-10-07,266,Campaign10
Visit194,Store8,2021-09-07,319,Campaign5
Visit195,Store2,2023-02-21,458,Campaign4
Visit196,Store1,2023-08-14,361,Campaign9
Visit197,Store4,2021-10-23,287,Campaign9
Visit198,Store6,2021-08-26,198,Campaign9
Visit199,Store7,2023-03-21,195,Campaign3
Visit200,Store6,2021-10-16,191,Campaign10
Visit201,Store8,2022-06-21,284,Campaign3
Visit202,Store7,2021-09-13,236,Campaign3
Visit203,Store8,2022-06-05,463,Campaign10
Visit204,Store1,2021-04-29,43,Campaign5
Visit205,Store1,2021-06-21,216,Campaign6
Visit206,Store2,2022-12-24,53,Campaign6
Visit207,Store2,2023-04-06,382,Campaign3
Visit208,Store1,2021-12-15,499,Campaign2
Visit209,Store4,2022-07-21,254,Campaign6
Visit210,Store4,2022-04-21,263,Campaign4
Visit211,Store7,2021-04-18,118,Campaign9
Visit212,Store3,2022-08-12,332,Campaign2
Visit213,Store3,2022-01-05,123,Campaign4
Visit214,Store1,2023-01-30,445,Campaign2
Visit215,Store1,2022-07-29,494,Campaign5
Visit216,Store1,2021-03-05,287,Campaign3
Visit217,Store6,2021-07-31,246,Campaign4
Visit218,Store4,2021-03-10,38,Campaign9
Visit219,Store5,2022-01-12,407,Campaign10
Visit220,Store3,2022-06-09,231,Campaign5
Visit221,Store3,2021-03-09,327,Campaign9
Visit222,Store5,2023-12-22,280,Campaign5
Visit223,Store1,2021-06-10,251,Campaign10
Visit224,Store8,2023-11-16,486,Campaign9
Visit225,Store3,2023-01-29,407,Campaign8
Visit226,Store4,2022-12-02,380,Campaign1
Visit227,Store5,2023-04-10,460,Campaign3
Visit228,Store4,2023-04-29,415,Campaign5
Visit229,Store6,2023-04-18,106,Campaign3
Visit230,Store1,2021-09-06,352,Campaign10
Visit231,Store3,2023-11-26,390,Campaign1
Visit232,Store7,2023-10-28,385,Campaign2
Visit233,Store4,2021-07-21,272,Campaign2
Visit234,Store5,2023-04-25,349,Campaign4
Visit235,Store7,2022-06-28,16,Campaign6
Visit236,Store8,2021-06-10,282,Campaign2
Visit237,Store8,2023-11-20,297,Campaign6
Visit238,Store1,2021-09-19,390,Campaign1
Visit239,Store3,2021-01-10,344,Campaign8
Visit240,Store3,2022-12-16,214,Campaign3
Visit241,Store7,2021-12-25,193,Campaign8
Visit242,Store1,2021-05-04,327,Campaign3
Visit243,Store1,2022-09-22,67,Campaign1
Visit244,Store1,2021-09-25,120,Campaign4
Visit245,Store6,2021-10-05,195,Campaign3
Visit246,Store4,2023-10-21,140,Campaign8
Visit247,Store2,2021-03-17,98,Campaign1
Visit248,Store6,2022-06-10,489,Campaign9
Visit249,Store3,2022-09-10,345,Campaign9
Visit250,Store7,2023-11-26,127,Campaign6
Visit251,Store4,2021-09-27,266,Campaign5
Visit252,Store8,2021-01-02,119,Campaign5
Visit253,Store5,2022-07-27,76,Campaign6
Visit254,Store3,2022-06-19,157,Campaign7
Visit255,Store6,2021-12-17,229,Campaign8
Visit256,Store8,2023-11-18,223,Campaign3
Visit257,Store8,2022-06-21,493,Campaign10
Visit258,Store2,2023-05-17,71,Campaign1
Visit259,Store5,2023-12-25,65,Campaign5
Visit260,Store3,2023-11-30,498,Campaign1
Visit261,Store7,2022-04-09,446,Campaign2
Visit262,Store2,2021-01-23,458,Campaign8
Visit263,Store1,2022-11-20,321,Campaign3
Visit264,Store2,2021-05-08,343,Campaign10
Visit265,Store3,2021-02-04,438,Campaign4
Visit266,Store2,2022-05-02,344,Campaign6
Visit267,Store6,2021-04-11,105,Campaign8
Visit268,Store3,2023-01-07,155,Campaign1
Visit269,Store3,2023-01-11,57,Campaign2
Visit270,Store7,2022-09-03,303,Campaign6
Visit271,Store2,2021-11-26,287,Campaign8
Visit272,Store2,2021-07-15,473,Campaign8
Visit273,Store6,2022-02-18,212,Campaign3
Visit274,Store5,2021-03-09,208,Campaign4
Visit275,Store8,2023-05-21,338,Campaign10
Visit276,Store5,2023-05-21,394,Campaign4
Visit277,Store4,2021-05-21,435,Campaign4
Visit278,Store3,2021-07-04,390,Campaign2
Visit279,Store8,2023-11-09,133,Campaign6
Visit280,Store5,2021-03-22,209,Campaign8
Visit281,Store7,2022-05-13,84,Campaign9
Visit282,Store8,2021-08-06,462,Campaign1
Visit283,Store8,2022-06-09,166,Campaign1
Visit284,Store4,2021-05-01,143,Campaign9
Visit285,Store6,2022-04-14,321,Campaign4
Visit286,Store3,2021-06-28,129,Campaign7
Visit287,Store6,2021-04-21,21,Campaign2
Visit288,Store7,2021-01-09,244,Campaign10
Visit289,Store8,2021-08-10,304,Campaign1
Visit290,Store4,2023-03-08,464,Campaign7
Visit291,Store5,2023-05-11,117,Campaign6
Visit292,Store4,2022-09-14,405,Campaign3
Visit293,Store2,2021-07-23,42,Campaign10
Visit294,Store6,2022-06-11,129,Campaign4
Visit295,Store4,2022-03-29,265,Campaign1
Visit296,Store6,2023-08-04,92,Campaign7
Visit297,Store8,2021-07-14,190,Campaign9
Visit298,Store1,2021-09-18,237,Campaign1
Visit299,Store1,2023-05-16,284,Campaign2
Visit300,Store4,2023-10-30,195,Campaign2
Visit301,Store1,2023-07-12,350,Campaign6
Visit302,Store4,2021-12-06,220,Campaign5
Visit303,Store6,2021-02-16,258,Campaign6
Visit304,Store8,2023-04-10,393,Campaign1
Visit305,Store7,2023-03-24,52,Campaign6
Visit306,Store7,2022-05-04,82,Campaign6
Visit307,Store4,2023-03-02,438,Campaign7
Visit308,Store4,2021-04-03,351,Campaign2
Visit309,Store8,2022-08-02,28,Campaign6
Visit310,Store1,2021-05-18,174,Campaign9
Visit311,Store3,2021-11-08,276,Campaign9
Visit312,Store4,2021-10-17,449,Campaign2
Visit313,Store4,2021-03-06,137,Campaign5
Visit314,Store2,2022-12-04,418,Campaign7
Visit315,Store2,2023-08-19,364,Campaign5
Visit316,Store5,2022-06-23,462,Campaign3
Visit317,Store1,2021-04-27,310,Campaign1
Visit318,Store3,2023-06-11,327,Campaign7
Visit319,Store7,2022-07-21,360,Campaign8
Visit320,Store4,2022-05-01,151,Campaign6
Visit321,Store7,2023-11-16,470,Campaign7
Visit322,Store4,2023-02-23,43,Campaign9
Visit323,Store1,2023-10-09,107,Campaign2
Visit324,Store5,2023-05-27,219,Campaign5
Visit325,Store5,2022-09-12,325,Campaign3
Visit326,Store2,2022-02-18,329,Campaign2
Visit327,Store7,2022-03-05,207,Campaign3
Visit328,Store1,2021-08-31,444,Campaign4
Visit329,Store5,2021-09-09,265,Campaign2
Visit330,Store5,2021-04-22,51,Campaign2
Visit331,Store7,2023-02-21,414,Campaign8
Visit332,Store3,2023-08-28,113,Campaign3
Visit333,Store2,2021-12-26,398,Campaign3
Visit334,Store2,2023-02-06,331,Campaign4
Visit335,Store2,2023-07-08,463,Campaign5
Visit336,Store6,2021-06-17,379,Campaign3
Visit337,Store5,2023-01-28,198,Campaign6
Visit338,Store4,2021-08-01,401,Campaign10
Visit339,Store6,2023-02-27,331,Campaign3
Visit340,Store8,2023-03-03,352,Campaign8
Visit341,Store5,2021-02-15,71,Campaign4
Visit342,Store5,2023-11-08,413,Campaign5
Visit343,Store7,2023-05-29,397,Campaign3
Visit344,Store8,2023-01-28,152,Campaign5
Visit345,Store8,2022-11-19,231,Campaign7
Visit346,Store1,2022-02-02,449,Campaign3
Visit347,Store7,2022-10-23,29,Campaign3
Visit348,Store2,2021-04-08,289,Campaign1
Visit349,Store2,2023-10-26,274,Campaign2
Visit350,Store7,2021-06-08,257,Campaign4
Visit351,Store3,2021-03-28,125,Campaign9
Visit352,Store2,2022-03-19,414,Campaign3
Visit353,Store5,2021-06-21,495,Campaign10
Visit354,Store1,2022-11-13,264,Campaign5
Visit355,Store3,2021-08-23,306,Campaign9
Visit356,Store5,2021-05-01,22,Campaign4
Visit357,Store5,2022-05-12,398,Campaign4
Visit358,Store8,2022-09-04,457,Campaign6
Visit359,Store6,2022-02-26,55,Campaign7
Visit360,Store3,2021-05-15,343,Campaign6
Visit361,Store6,2021-11-11,251,Campaign4
Visit362,Store8,2021-03-10,80,Campaign7
Visit363,Store5,2021-07-17,463,Campaign10
Visit364,Store5,2023-03-28,68,Campaign3
Visit365,Store8,2021-01-11,213,Campaign3
Visit366,Store6,2023-05-19,60,Campaign7
Visit367,Store8,2023-01-05,25,Campaign6
Visit368,Store1,2023-11-17,60,Campaign2
Visit369,Store1,2021-01-16,233,Campaign1
Visit370,Store6,2023-08-06,137,Campaign6
Visit371,Store1,2021-01-07,179,Campaign9
Visit372,Store2,2021-03-02,276,Campaign3
Visit373,Store3,2023-07-14,77,Campaign9
Visit374,Store1,2022-04-30,130,Campaign6
Visit375,Store5,2022-09-24,486,Campaign4
Visit376,Store2,2023-07-25,189,Campaign10
Visit377,Store3,2023-11-21,235,Campaign10
Visit378,Store1,2022-07-14,466,Campaign10
Visit379,Store1,2021-04-01,403,Campaign2
Visit380,Store3,2022-03-22,337,Campaign9
Visit381,Store1,2023-08-08,200,Campaign5
Visit382,Store6,2021-11-26,429,Campaign5
Visit383,Store3,2023-11-11,489,Campaign2
Visit384,Store3,2023-08-13,310,Campaign5
Visit385,Store8,2022-04-24,260,Campaign6
Visit386,Store5,2022-06-02,15,Campaign2
Visit387,Store7,2022-06-20,271,Campaign1
Visit388,Store3,2021-08-13,100,Campaign6
Visit389,Store7,2022-07-26,203,Campaign9
Visit390,Store4,2022-01-03,338,Campaign9
Visit391,Store1,2023-10-20,73,Campaign9
Visit392,Store7,2023-11-26,303,Campaign5
Visit393,Store5,2022-04-11,462,Campaign10
Visit394,Store7,2022-07-26,235,Campaign1
Visit395,Store2,2022-03-14,454,Campaign3
Visit396,Store7,2023-01-27,343,Campaign8
Visit397,Store7,2022-08-14,467,Campaign9
Visit398,Store4,2023-05-31,72,Campaign4
Visit399,Store3,2021-07-10,376,Campaign3
Visit400,Store2,2021-04-07,80,Campaign2
Visit401,Store7,2022-05-19,29,Campaign5
Visit402,Store2,2023-06-07,468,Campaign2
Visit403,Store2,2021-05-30,342,Campaign9
Visit404,Store2,2021-02-12,254,Campaign10
Visit405,Store8,2023-07-02,73,Campaign9
Visit406,Store5,2021-11-15,474,Campaign3
Visit407,Store5,2021-08-06,302,Campaign4
Visit408,Store2,2022-05-03,373,Campaign9
Visit409,Store4,2021-05-26,429,Campaign1
Visit410,Store8,2021-11-24,234,Campaign7
Visit411,Store1,2021-09-16,275,Campaign2
Visit412,Store6,2022-07-20,171,Campaign9
Visit413,Store1,2021-04-29,54,Campaign3
Visit414,Store5,2021-10-17,328,Campaign6
Visit415,Store4,2021-08-13,278,Campaign5
Visit416,Store4,2023-06-13,34,Campaign2
Visit417,Store3,2023-01-23,392,Campaign9
Visit418,Store8,2021-09-02,309,Campaign3
Visit419,Store8,2021-06-25,234,Campaign6
Visit420,Store5,2022-06-06,83,Campaign9
Visit421,Store4,2021-04-29,125,Campaign8
Visit422,Store4,2021-09-16,161,Campaign10
Visit423,Store1,2022-07-25,78,Campaign5
Visit424,Store4,2023-08-01,211,Campaign6
Visit425,Store4,2021-06-07,496,Campaign3
Visit426,Store7,2021-09-18,312,Campaign5
Visit427,Store2,2022-01-25,100,Campaign6
Visit428,Store7,2022-10-07,59,Campaign3
Visit429,Store8,2021-05-12,381,Campaign10
Visit430,Store1,2022-02-12,429,Campaign2
Visit431,Store1,2021-10-09,298,Campaign10
Visit432,Store2,2022-07-21,101,Campaign9
Visit433,Store1,2023-02-07,369,Campaign7
Visit434,Store8,2021-02-15,244,Campaign4
Visit435,Store3,2022-11-17,396,Campaign3
Visit436,Store6,2021-01-21,424,Campaign4
Visit437,Store3,2023-09-24,325,Campaign9
Visit438,Store5,2021-09-25,38,Campaign9
Visit439,Store8,2021-04-11,181,Campaign6
Visit440,Store6,2022-10-23,182,Campaign9
Visit441,Store1,2022-10-15,381,Campaign9
Visit442,Store1,2021-02-02,245,Campaign6
Visit443,Store3,2021-08-24,51,Campaign5
Visit444,Store5,2021-07-17,158,Campaign3
Visit445,Store7,2022-05-22,297,Campaign1
Visit446,Store5,2023-01-17,421,Campaign4
Visit447,Store3,2021-11-28,222,Campaign1
Visit448,Store3,2022-05-01,184,Campaign1
Visit449,Store8,2021-04-30,108,Campaign6
Visit450,Store6,2021-06-07,487,Campaign5
Visit451,Store2,2023-11-27,129,Campaign7
Visit452,Store8,2023-04-30,312,Campaign1
Visit453,Store5,2021-05-24,26,Campaign1
Visit454,Store5,2022-10-03,38,Campaign8
Visit455,Store2,2022-11-24,57,Campaign6
Visit456,Store3,2023-11-18,395,Campaign8
Visit457,Store7,2023-08-07,298,Campaign6
Visit458,Store2,2023-01-24,137,Campaign6
Visit459,Store2,2023-05-25,456,Campaign10
Visit460,Store4,2021-02-20,77,Campaign7
Visit461,Store5,2021-04-19,48,Campaign2
Visit462,Store3,2021-05-14,482,Campaign3
Visit463,Store4,2021-03-21,142,Campaign4
Visit464,Store6,2023-10-04,128,Campaign1
Visit465,Store8,2021-12-04,333,Campaign9
Visit466,Store4,2022-03-08,61,Campaign9
Visit467,Store7,2023-06-07,445,Campaign4
Visit468,Store4,2021-04-12,422,Campaign1
Visit469,Store3,2021-11-27,430,Campaign1
Visit470,Store2,2022-01-11,145,Campaign6
Visit471,Store3,2021-08-19,413,Campaign2
Visit472,Store5,2023-02-03,256,Campaign1
Visit473,Store6,2022-02-28,178,Campaign10
Visit474,Store7,2023-11-15,79,Campaign2
Visit475,Store6,2022-07-23,45,Campaign7
Visit476,Store8,2022-02-20,297,Campaign4
Visit477,Store6,2021-10-29,14,Campaign7
Visit478,Store7,2021-04-29,369,Campaign7
Visit479,Store8,2021-11-27,157,Campaign4
Visit480,Store5,2022-10-24,246,Campaign2
Visit481,Store2,2021-12-25,77,Campaign9
Visit482,Store3,2021-10-16,240,Campaign10
Visit483,Store2,2022-07-07,159,Campaign10
Visit484,Store2,2022-03-16,490,Campaign3
Visit485,Store3,2022-07-29,424,Campaign1
Visit486,Store5,2022-12-18,434,Campaign8
Visit487,Store3,2021-12-12,230,Campaign4
Visit488,Store6,2023-10-12,270,Campaign9
Visit489,Store5,2023-10-10,275,Campaign8
Visit490,Store1,2023-04-13,468,Campaign7
Visit491,Store1,2021-04-15,123,Campaign9
Visit492,Store1,2021-11-09,174,Campaign2
Visit493,Store6,2021-03-27,65,Campaign4
Visit494,Store7,2022-04-27,351,Campaign5
Visit495,Store7,2023-04-30,417,Campaign5
Visit496,Store8,2023-10-25,478,Campaign1
Visit497,Store4,2021-10-27,365,Campaign9
Visit498,Store8,2022-06-12,259,Campaign9
Visit499,Store5,2022-08-29,252,Campaign5
Visit500,Store5,2023-07-16,409,Campaign10
Visit501,Store3,2023-12-01,11,Campaign3
Visit502,Store5,2022-10-11,152,Campaign8
Visit503,Store3,2022-07-09,178,Campaign7
Visit504,Store4,2023-12-26,72,Campaign5
Visit505,Store3,2021-09-02,442,Campaign1
Visit506,Store1,2022-08-12,163,Campaign7
Visit507,Store3,2023-01-01,359,Campaign1
Visit508,Store3,2023-11-11,264,Campaign1
Visit509,Store3,2021-05-27,75,Campaign9
Visit510,Store5,2021-11-09,383,Campaign6
Visit511,Store2,2021-11-12,294,Campaign7
Visit512,Store8,2022-02-07,463,Campaign2
Visit513,Store2,2021-05-06,197,Campaign8
Visit514,Store6,2023-04-15,202,Campaign7
Visit515,Store2,2022-05-11,305,Campaign5
Visit516,Store6,2023-09-08,20,Campaign8
Visit517,Store5,2023-01-14,189,Campaign2
Visit518,Store1,2022-12-01,391,Campaign6
Visit519,Store2,2021-02-14,352,Campaign4
Visit520,Store2,2023-04-16,99,Campaign7
Visit521,Store7,2023-08-22,232,Campaign6
Visit522,Store7,2023-06-30,344,Campaign6
Visit523,Store4,2023-05-10,466,Campaign5
Visit524,Store8,2022-12-29,457,Campaign5
Visit525,Store8,2021-04-08,235,Campaign2
Visit526,Store7,2021-04-27,112,Campaign7
Visit527,Store6,2023-09-22,346,Campaign7
Visit528,Store6,2023-12-03,364,Campaign8
Visit529,Store8,2021-03-12,365,Campaign4
Visit530,Store4,2023-01-28,396,Campaign9
Visit531,Store1,2023-03-07,241,Campaign10
Visit532,Store8,2023-04-19,276,Campaign3
Visit533,Store3,2022-12-27,293,Campaign3
Visit534,Store3,2021-04-17,199,Campaign2
Visit535,Store4,2022-01-21,57,Campaign10
Visit536,Store4,2022-04-01,293,Campaign7
Visit537,Store1,2023-02-14,311,Campaign10
Visit538,Store1,2021-10-21,457,Campaign2
Visit539,Store5,2021-06-25,64,Campaign7
Visit540,Store3,2022-08-17,348,Campaign3
Visit541,Store5,2021-11-25,128,Campaign1
Visit542,Store2,2023-10-23,11,Campaign8
Visit543,Store6,2021-02-11,233,Campaign8
Visit544,Store6,2021-03-22,245,Campaign10
Visit545,Store1,2022-05-03,212,Campaign1
Visit546,Store3,2023-07-05,153,Campaign6
Visit547,Store3,2021-09-19,20,Campaign4
Visit548,Store5,2022-12-10,268,Campaign5
Visit549,Store4,2023-09-20,448,Campaign8
Visit550,Store4,2023-03-19,307,Campaign8
Visit551,Store1,2022-07-02,166,Campaign7
Visit552,Store7,2022-09-07,206,Campaign5
Visit553,Store6,2023-08-05,101,Campaign6
Visit554,Store4,2023-03-26,424,Campaign8
Visit555,Store2,2021-04-08,342,Campaign5
Visit556,Store3,2023-03-05,162,Campaign3
Visit557,Store4,2021-05-07,385,Campaign9
Visit558,Store1,2023-03-06,143,Campaign9
Visit559,Store2,2022-08-02,453,Campaign10
Visit560,Store6,2023-04-20,125,Campaign1
Visit561,Store6,2022-08-06,76,Campaign7
Visit562,Store5,2022-07-02,159,Campaign4
Visit563,Store5,2021-03-08,265,Campaign6
Visit564,Store2,2022-11-13,50,Campaign7
Visit565,Store1,2022-08-02,190,Campaign8
Visit566,Store8,2023-04-17,197,Campaign5
Visit567,Store7,2023-04-04,48,Campaign5
Visit568,Store8,2022-07-29,320,Campaign6
Visit569,Store5,2021-01-30,489,Campaign7
Visit570,Store3,2023-02-02,423,Campaign5
Visit571,Store6,2023-04-11,336,Campaign5
Visit572,Store6,2023-01-01,226,Campaign4
Visit573,Store3,2022-06-19,139,Campaign1
Visit574,Store8,2022-01-04,273,Campaign7
Visit575,Store6,2021-10-29,123,Campaign7
Visit576,Store6,2023-07-06,72,Campaign6
Visit577,Store6,2021-11-03,452,Campaign10
Visit578,Store1,2023-12-23,106,Campaign2
Visit579,Store8,2023-04-17,421,Campaign2
Visit580,Store1,2022-05-26,339,Campaign6
Visit581,Store7,2023-10-15,431,Campaign9
Visit582,Store3,2023-06-06,27,Campaign5
Visit583,Store1,2023-07-27,455,Campaign7
Visit584,Store2,2022-01-22,214,Campaign2
Visit585,Store1,2023-03-06,222,Campaign6
Visit586,Store8,2023-05-09,106,Campaign6
Visit587,Store6,2022-04-03,288,Campaign10
Visit588,Store3,2021-10-04,458,Campaign6
Visit589,Store8,2021-08-18,245,Campaign6
Visit590,Store7,2021-01-13,389,Campaign4
Visit591,Store4,2021-07-16,177,Campaign5
Visit592,Store8,2022-09-07,69,Campaign4
Visit593,Store8,2021-04-13,94,Campaign6
Visit594,Store7,2021-04-19,270,Campaign9
Visit595,Store1,2022-01-11,364,Campaign5
Visit596,Store5,2021-05-06,411,Campaign5
Visit597,Store2,2023-01-17,175,Campaign3
Visit598,Store7,2022-01-20,237,Campaign7
Visit599,Store2,2021-05-28,376,Campaign5
Visit600,Store2,2022-11-14,422,Campaign2
Visit601,Store8,2023-10-22,419,Campaign9
Visit602,Store8,2023-09-22,69,Campaign5
Visit603,Store5,2022-07-06,173,Campaign7
Visit604,Store5,2023-01-19,239,Campaign7
Visit605,Store2,2023-10-28,379,Campaign10
Visit606,Store2,2022-03-12,91,Campaign8
Visit607,Store2,2023-03-13,166,Campaign4
Visit608,Store1,2021-11-21,424,Campaign7
Visit609,Store6,2021-06-06,200,Campaign3
Visit610,Store5,2021-04-22,371,Campaign9
Visit611,Store3,2023-09-14,406,Campaign8
Visit612,Store7,2023-08-12,253,Campaign10
Visit613,Store6,2023-08-16,383,Campaign9
Visit614,Store1,2023-01-06,251,Campaign2
Visit615,Store3,2023-05-23,231,Campaign4
Visit616,Store1,2021-04-04,464,Campaign1
Visit617,Store1,2022-12-20,388,Campaign8
Visit618,Store3,2022-11-13,177,Campaign4
Visit619,Store2,2022-10-30,130,Campaign4
Visit620,Store6,2022-05-30,463,Campaign7
Visit621,Store3,2023-10-26,11,Campaign6
Visit622,Store4,2021-07-13,127,Campaign3
Visit623,Store5,2021-02-23,145,Campaign8
Visit624,Store4,2023-07-23,339,Campaign2
Visit625,Store6,2023-09-03,136,Campaign1
Visit626,Store1,2023-03-23,250,Campaign2
Visit627,Store3,2023-10-29,383,Campaign9
Visit628,Store2,2021-04-01,117,Campaign5
Visit629,Store6,2021-12-12,308,Campaign5
Visit630,Store2,2023-10-19,442,Campaign6
Visit631,Store7,2021-12-17,121,Campaign3
Visit632,Store7,2021-07-29,415,Campaign1
Visit633,Store4,2021-09-15,467,Campaign8
Visit634,Store7,2023-12-01,172,Campaign7
Visit635,Store4,2022-12-28,284,Campaign8
Visit636,Store1,2022-11-27,397,Campaign9
Visit637,Store5,2021-10-31,28,Campaign2
Visit638,Store1,2023-05-15,242,Campaign5
Visit639,Store6,2021-09-02,29,Campaign2
Visit640,Store2,2023-02-25,250,Campaign8
Visit641,Store6,2022-08-14,269,Campaign4
Visit642,Store7,2021-10-31,58,Campaign4
Visit643,Store3,2021-04-21,163,Campaign10
Visit644,Store4,2021-09-17,12,Campaign8
Visit645,Store2,2022-10-28,317,Campaign7
Visit646,Store7,2022-06-15,487,Campaign1
Visit647,Store1,2022-07-15,393,Campaign7
Visit648,Store5,2021-02-22,301,Campaign10
Visit649,Store3,2023-06-21,178,Campaign3
Visit650,Store5,2021-07-09,207,Campaign5
Visit651,Store1,2021-05-24,188,Campaign8
Visit652,Store8,2023-01-30,112,Campaign6
Visit653,Store1,2023-03-14,228,Campaign8
Visit654,Store2,2022-12-19,25,Campaign5
Visit655,Store7,2023-12-28,56,Campaign10
Visit656,Store3,2023-05-23,345,Campaign9
Visit657,Store6,2022-10-17,55,Campaign6
Visit658,Store1,2021-07-04,109,Campaign9
Visit659,Store8,2022-08-13,192,Campaign4
Visit660,Store8,2023-01-29,363,Campaign2
Visit661,Store2,2021-04-12,496,Campaign8
Visit662,Store1,2022-11-11,225,Campaign5
Visit663,Store2,2022-05-04,389,Campaign2
Visit664,Store8,2023-12-18,432,Campaign6
Visit665,Store5,2022-09-23,143,Campaign3
Visit666,Store2,2021-03-29,349,Campaign1
Visit667,Store6,2023-09-21,326,Campaign6
Visit668,Store5,2023-12-27,18,Campaign8
Visit669,Store4,2021-10-21,222,Campaign1
Visit670,Store1,2023-05-05,148,Campaign3
Visit671,Store4,2021-02-09,231,Campaign6
Visit672,Store3,2023-12-16,330,Campaign10
Visit673,Store8,2022-12-13,100,Campaign3
Visit674,Store4,2021-10-18,387,Campaign7
Visit675,Store7,2023-03-28,324,Campaign6
Visit676,Store2,2022-12-08,121,Campaign9
Visit677,Store2,2023-03-10,122,Campaign6
Visit678,Store8,2023-04-24,207,Campaign7
Visit679,Store3,2022-09-30,383,Campaign2
Visit680,Store3,2023-07-03,500,Campaign10
Visit681,Store1,2021-12-10,272,Campaign4
Visit682,Store8,2023-10-24,377,Campaign5
Visit683,Store7,2023-11-20,387,Campaign2
Visit684,Store2,2023-09-04,326,Campaign10
Visit685,Store7,2021-02-14,322,Campaign10
Visit686,Store7,2021-05-02,351,Campaign10
Visit687,Store3,2021-10-02,171,Campaign7
Visit688,Store7,2023-08-18,93,Campaign4
Visit689,Store6,2023-06-20,54,Campaign9
Visit690,Store7,2021-11-08,54,Campaign8
Visit691,Store4,2022-02-22,280,Campaign10
Visit692,Store7,2023-01-31,402,Campaign9
Visit693,Store2,2022-11-19,219,Campaign8
Visit694,Store8,2021-10-09,183,Campaign5
Visit695,Store7,2023-05-06,256,Campaign9
Visit696,Store6,2022-11-02,183,Campaign5
Visit697,Store8,2021-12-07,45,Campaign8
Visit698,Store7,2021-01-22,311,Campaign4
Visit699,Store3,2022-07-23,307,Campaign5
Visit700,Store7,2022-11-01,167,Campaign4
Visit701,Store8,2023-08-28,148,Campaign2
Visit702,Store1,2021-12-11,383,Campaign4
Visit703,Store7,2021-07-19,42,Campaign5
Visit704,Store6,2021-01-05,260,Campaign6
Visit705,Store5,2021-10-27,391,Campaign4
Visit706,Store7,2023-01-08,375,Campaign10
Visit707,Store2,2022-06-24,433,Campaign4
Visit708,Store7,2023-06-15,335,Campaign6
Visit709,Store2,2021-09-03,180,Campaign7
Visit710,Store7,2023-10-26,119,Campaign7
Visit711,Store2,2021-01-13,176,Campaign4
Visit712,Store2,2023-09-05,134,Campaign5
Visit713,Store5,2021-10-13,223,Campaign3
Visit714,Store5,2021-12-05,304,Campaign5
Visit715,Store8,2023-08-03,190,Campaign10
Visit716,Store6,2021-04-23,92,Campaign5
Visit717,Store6,2021-12-04,479,Campaign4
Visit718,Store1,2021-03-31,424,Campaign6
Visit719,Store8,2023-02-22,371,Campaign5
Visit720,Store2,2023-01-29,328,Campaign8
Visit721,Store3,2023-11-20,34,Campaign2
Visit722,Store7,2021-12-23,255,Campaign6
Visit723,Store4,2022-06-30,50,Campaign2
Visit724,Store2,2022-04-04,443,Campaign6
Visit725,Store6,2022-04-16,68,Campaign4
Visit726,Store5,2023-05-17,186,Campaign1
Visit727,Store1,2023-07-28,39,Campaign6
Visit728,Store2,2022-07-27,54,Campaign3
Visit729,Store7,2023-10-23,461,Campaign7
Visit730,Store1,2021-11-04,318,Campaign3
Visit731,Store3,2022-07-18,163,Campaign10
Visit732,Store3,2023-11-05,464,Campaign4
Visit733,Store3,2022-02-28,49,Campaign9
Visit734,Store3,2022-09-02,149,Campaign7
Visit735,Store8,2021-02-24,266,Campaign4
Visit736,Store4,2022-02-17,79,Campaign2
Visit737,Store1,2023-09-09,394,Campaign5
Visit738,Store2,2021-02-07,145,Campaign8
Visit739,Store4,2023-02-09,245,Campaign2
Visit740,Store2,2021-07-02,121,Campaign9
Visit741,Store5,2021-05-06,42,Campaign5
Visit742,Store7,2021-05-20,205,Campaign6
Visit743,Store6,2022-09-13,380,Campaign7
Visit744,Store4,2021-02-01,187,Campaign9
Visit745,Store6,2021-08-23,369,Campaign7
Visit746,Store4,2021-03-14,143,Campaign4
Visit747,Store6,2022-04-17,453,Campaign5
Visit748,Store8,2022-09-20,200,Campaign3
Visit749,Store7,2022-10-30,445,Campaign1
Visit750,Store6,2022-08-17,396,Campaign3
Visit751,Store5,2022-09-11,344,Campaign1
Visit752,Store6,2021-10-19,463,Campaign5
Visit753,Store4,2022-09-21,15,Campaign7
Visit754,Store6,2021-08-01,302,Campaign9
Visit755,Store1,2021-06-16,188,Campaign4
Visit756,Store7,2023-12-09,292,Campaign10
Visit757,Store6,2022-02-06,115,Campaign10
Visit758,Store3,2023-03-02,498,Campaign1
Visit759,Store7,2023-08-27,439,Campaign7
Visit760,Store7,2021-06-28,255,Campaign3
Visit761,Store8,2021-06-20,334,Campaign1
Visit762,Store6,2021-01-04,388,Campaign4
Visit763,Store2,2021-12-02,240,Campaign9
Visit764,Store5,2021-07-14,410,Campaign6
Visit765,Store3,2023-06-12,224,Campaign6
Visit766,Store8,2023-02-09,282,Campaign7
Visit767,Store4,2021-05-10,114,Campaign1
Visit768,Store1,2023-10-22,383,Campaign5
Visit769,Store6,2023-02-25,32,Campaign4
Visit770,Store6,2022-05-02,304,Campaign4
Visit771,Store4,2021-11-19,170,Campaign7
Visit772,Store8,2021-01-24,203,Campaign2
Visit773,Store5,2022-01-12,275,Campaign5
Visit774,Store8,2023-02-18,92,Campaign7
Visit775,Store4,2021-04-03,177,Campaign3
Visit776,Store1,2021-05-01,338,Campaign2
Visit777,Store7,2022-03-28,152,Campaign1
Visit778,Store8,2022-08-25,52,Campaign5
Visit779,Store6,2023-06-19,353,Campaign5
Visit780,Store7,2022-08-10,21,Campaign4
Visit781,Store4,2023-11-21,31,Campaign8
Visit782,Store7,2023-08-10,27,Campaign2
Visit783,Store4,2022-12-08,459,Campaign4
Visit784,Store6,2022-08-24,71,Campaign5
Visit785,Store4,2022-09-02,198,Campaign9
Visit786,Store6,2021-05-09,453,Campaign3
Visit787,Store8,2022-03-29,88,Campaign1
Visit788,Store4,2023-03-18,499,Campaign4
Visit789,Store7,2022-03-12,176,Campaign10
Visit790,Store1,2022-05-22,466,Campaign6
Visit791,Store2,2022-10-14,159,Campaign7
Visit792,Store3,2023-06-26,474,Campaign4
Visit793,Store5,2021-04-19,407,Campaign4
Visit794,Store7,2022-06-10,232,Campaign6
Visit795,Store2,2023-08-08,114,Campaign1
Visit796,Store1,2022-01-27,263,Campaign5
Visit797,Store5,2022-11-04,16,Campaign3
Visit798,Store5,2023-05-02,172,Campaign8
Visit799,Store6,2022-08-29,299,Campaign5
Visit800,Store6,2021-12-13,204,Campaign7
Visit801,Store7,2023-04-02,328,Campaign8
Visit802,Store4,2022-12-19,139,Campaign8
Visit803,Store8,2021-11-03,118,Campaign2
Visit804,Store8,2023-06-29,228,Campaign2
Visit805,Store8,2023-11-24,438,Campaign10
Visit806,Store3,2021-06-18,328,Campaign5
Visit807,Store6,2022-06-16,139,Campaign3
Visit808,Store3,2022-06-22,253,Campaign10
Visit809,Store1,2023-07-17,447,Campaign1
Visit810,Store6,2022-11-21,316,Campaign8
Visit811,Store2,2022-11-20,306,Campaign6
Visit812,Store4,2022-12-06,398,Campaign3
Visit813,Store3,2021-07-10,94,Campaign8
Visit814,Store4,2021-10-10,264,Campaign1
Visit815,Store2,2023-08-29,336,Campaign3
Visit816,Store8,2022-05-04,418,Campaign9
Visit817,Store5,2023-11-25,246,Campaign6
Visit818,Store2,2023-03-17,10,Campaign1
Visit819,Store5,2021-02-11,274,Campaign9
Visit820,Store2,2021-06-19,203,Campaign7
Visit821,Store4,2023-10-04,460,Campaign1
Visit822,Store2,2023-05-18,373,Campaign1
Visit823,Store6,2022-07-20,366,Campaign5
Visit824,Store3,2022-01-20,131,Campaign4
Visit825,Store3,2022-08-21,373,Campaign8
Visit826,Store1,2023-12-24,13,Campaign2
Visit827,Store7,2021-03-22,158,Campaign6
Visit828,Store6,2023-02-19,70,Campaign8
Visit829,Store3,2022-04-06,291,Campaign1
Visit830,Store8,2021-08-26,126,Campaign3
Visit831,Store3,2021-10-26,181,Campaign1
Visit832,Store5,2023-01-07,430,Campaign7
Visit833,Store6,2023-04-20,343,Campaign1
Visit834,Store4,2022-06-13,247,Campaign9
Visit835,Store4,2021-03-29,147,Campaign8
Visit836,Store5,2021-01-24,227,Campaign3
Visit837,Store3,2021-11-28,467,Campaign4
Visit838,Store2,2023-12-18,494,Campaign9
Visit839,Store5,2022-04-09,91,Campaign10
Visit840,Store4,2023-09-29,228,Campaign6
Visit841,Store8,2021-07-08,346,Campaign5
Visit842,Store8,2021-08-10,211,Campaign5
Visit843,Store1,2023-08-21,84,Campaign1
Visit844,Store4,2021-12-19,56,Campaign1
Visit845,Store2,2023-12-11,353,Campaign3
Visit846,Store4,2021-08-10,348,Campaign2
Visit847,Store5,2022-05-03,245,Campaign10
Visit848,Store1,2023-05-10,473,Campaign1
Visit849,Store4,2023-05-29,160,Campaign5
Visit850,Store5,2021-06-16,385,Campaign3
Visit851,Store7,2021-04-11,132,Campaign7
Visit852,Store5,2022-06-09,469,Campaign8
Visit853,Store7,2022-05-03,255,Campaign10
Visit854,Store5,2021-03-22,263,Campaign6
Visit855,Store1,2022-08-03,63,Campaign5
Visit856,Store5,2023-04-02,196,Campaign10
Visit857,Store8,2023-06-05,412,Campaign5
Visit858,Store1,2022-08-25,290,Campaign1
Visit859,Store6,2021-03-13,76,Campaign6
Visit860,Store8,2021-09-02,150,Campaign6
Visit861,Store7,2022-08-02,30,Campaign3
Visit862,Store2,2022-10-04,31,Campaign4
Visit863,Store2,2021-07-13,184,Campaign4
Visit864,Store2,2022-06-22,200,Campaign6
Visit865,Store6,2021-11-28,294,Campaign8
Visit866,Store5,2021-10-20,314,Campaign9
Visit867,Store1,2022-12-31,372,Campaign9
Visit868,Store6,2021-02-05,290,Campaign5
Visit869,Store8,2023-11-11,416,Campaign8
Visit870,Store2,2021-09-02,341,Campaign8
Visit871,Store3,2021-02-23,314,Campaign10
Visit872,Store2,2021-06-25,416,Campaign4
Visit873,Store5,2021-07-09,270,Campaign4
Visit874,Store7,2023-03-18,166,Campaign3
Visit875,Store8,2022-09-08,270,Campaign5
Visit876,Store6,2021-03-09,48,Campaign8
Visit877,Store3,2021-11-20,492,Campaign8
Visit878,Store6,2022-03-30,428,Campaign9
Visit879,Store4,2021-08-14,346,Campaign1
Visit880,Store8,2021-04-14,39,Campaign4
Visit881,Store3,2022-04-11,449,Campaign6
Visit882,Store4,2022-03-04,267,Campaign5
Visit883,Store3,2023-09-20,280,Campaign4
Visit884,Store8,2022-03-18,60,Campaign3
Visit885,Store1,2022-12-25,288,Campaign2
Visit886,Store3,2023-11-26,243,Campaign9
Visit887,Store2,2021-05-13,35,Campaign10
Visit888,Store7,2023-06-11,20,Campaign3
Visit889,Store4,2022-01-31,393,Campaign4
Visit890,Store8,2021-03-31,33,Campaign1
Visit891,Store4,2021-09-12,402,Campaign1
Visit892,Store6,2023-08-14,471,Campaign10
Visit893,Store2,2021-03-24,225,Campaign9
Visit894,Store8,2022-10-13,336,Campaign4
Visit895,Store1,2022-06-16,147,Campaign10
Visit896,Store3,2023-04-21,234,Campaign4
Visit897,Store8,2021-01-27,362,Campaign6
Visit898,Store1,2023-10-12,119,Campaign2
Visit899,Store2,2022-01-14,484,Campaign6
Visit900,Store8,2022-01-28,337,Campaign7
Visit901,Store7,2021-08-05,215,Campaign1
Visit902,Store3,2022-01-16,80,Campaign8
Visit903,Store2,2022-09-29,219,Campaign6
Visit904,Store4,2023-03-11,194,Campaign9
Visit905,Store4,2022-05-23,99,Campaign4
Visit906,Store4,2021-10-10,256,Campaign2
Visit907,Store5,2021-08-02,392,Campaign9
Visit908,Store5,2022-06-14,242,Campaign8
Visit909,Store4,2023-05-05,388,Campaign2
Visit910,Store7,2022-09-09,408,Campaign8
Visit911,Store5,2021-02-10,42,Campaign8
Visit912,Store7,2022-06-03,404,Campaign5
Visit913,Store5,2023-10-26,156,Campaign7
Visit914,Store6,2023-11-11,179,Campaign7
Visit915,Store2,2022-10-08,475,Campaign4
Visit916,Store6,2023-07-30,223,Campaign6
Visit917,Store7,2021-08-30,323,Campaign10
Visit918,Store3,2023-07-20,237,Campaign6
Visit919,Store8,2021-04-16,155,Campaign6
Visit920,Store4,2021-12-09,155,Campaign9
Visit921,Store6,2022-02-21,31,Campaign2
Visit922,Store6,2021-02-07,98,Campaign10
Visit923,Store5,2021-12-02,383,Campaign8
Visit924,Store2,2022-04-18,189,Campaign8
Visit925,Store2,2021-04-23,309,Campaign1
Visit926,Store6,2021-09-08,424,Campaign2
Visit927,Store3,2023-07-01,274,Campaign4
Visit928,Store7,2023-12-31,59,Campaign5
Visit929,Store2,2021-09-21,239,Campaign5
Visit930,Store1,2023-06-18,384,Campaign6
Visit931,Store1,2022-08-04,70,Campaign7
Visit932,Store4,2022-01-19,28,Campaign1
Visit933,Store6,2023-02-26,317,Campaign7
Visit934,Store3,2023-10-07,320,Campaign6
Visit935,Store6,2022-07-16,34,Campaign5
Visit936,Store1,2022-04-18,216,Campaign6
Visit937,Store7,2021-03-02,334,Campaign8
Visit938,Store3,2023-12-18,84,Campaign6
Visit939,Store7,2023-07-07,150,Campaign5
Visit940,Store4,2023-11-22,427,Campaign6
Visit941,Store2,2022-10-19,337,Campaign9
Visit942,Store2,2021-06-18,290,Campaign1
Visit943,Store2,2023-11-12,100,Campaign3
Visit944,Store1,2023-03-21,84,Campaign3
Visit945,Store7,2021-10-29,73,Campaign9
Visit946,Store3,2022-11-19,91,Campaign3
Visit947,Store1,2022-01-22,259,Campaign6
Visit948,Store8,2021-11-25,147,Campaign9
Visit949,Store5,2022-04-05,106,Campaign10
Visit950,Store3,2021-06-02,109,Campaign5
Visit951,Store8,2022-12-26,282,Campaign10
Visit952,Store4,2023-03-18,250,Campaign9
Visit953,Store7,2022-05-02,14,Campaign9
Visit954,Store1,2022-08-18,224,Campaign6
Visit955,Store2,2023-09-25,76,Campaign8
Visit956,Store2,2023-09-09,496,Campaign9
Visit957,Store2,2022-10-03,366,Campaign9
Visit958,Store1,2023-08-06,403,Campaign8
Visit959,Store7,2021-07-10,164,Campaign4
Visit960,Store1,2021-02-21,449,Campaign8
Visit961,Store2,2022-08-18,400,Campaign2
Visit962,Store2,2021-12-07,378,Campaign3
Visit963,Store2,2022-06-09,38,Campaign9
Visit964,Store5,2021-01-17,314,Campaign10
Visit965,Store1,2021-08-30,432,Campaign4
Visit966,Store2,2022-10-13,463,Campaign2
Visit967,Store4,2021-10-21,18,Campaign3
Visit968,Store2,2023-11-18,209,Campaign7
Visit969,Store7,2021-12-25,454,Campaign9
Visit970,Store1,2022-11-04,343,Campaign7
Visit971,Store4,2023-10-17,447,Campaign8
Visit972,Store8,2021-07-01,239,Campaign3
Visit973,Store7,2023-07-10,402,Campaign7
Visit974,Store6,2023-03-03,325,Campaign1
Visit975,Store6,2022-10-29,317,Campaign6
Visit976,Store6,2022-12-27,386,Campaign3
Visit977,Store7,2021-12-19,340,Campaign2
Visit978,Store1,2021-03-10,276,Campaign4
Visit979,Store1,2022-04-22,369,Campaign9
Visit980,Store7,2021-11-21,172,Campaign6
Visit981,Store1,2021-10-14,84,Campaign9
Visit982,Store3,2021-03-24,301,Campaign8
Visit983,Store7,2021-09-26,192,Campaign5
Visit984,Store4,2023-06-07,396,Campaign8
Visit985,Store8,2021-10-28,118,Campaign2
Visit986,Store5,2023-10-19,348,Campaign8
Visit987,Store8,2021-03-31,209,Campaign1
Visit988,Store5,2021-12-26,190,Campaign3
Visit989,Store3,2023-10-23,37,Campaign7
Visit990,Store1,2023-02-19,62,Campaign4
Visit991,Store8,2022-12-28,257,Campaign7
Visit992,Store5,2021-01-05,319,Campaign1
Visit993,Store4,2021-04-27,446,Campaign7
Visit994,Store7,2023-10-11,330,Campaign3
Visit995,Store2,2022-03-07,318,Campaign2
Visit996,Store7,2022-01-25,49,Campaign9
Visit997,Store4,2023-01-14,231,Campaign2
Visit998,Store1,2021-03-25,306,Campaign3
Visit999,Store4,2022-08-24,175,Campaign3
Visit1000,Store8,2022-03-29,340,Campaign4
